{"cameraMode":{"drawMode":0,"name":"Shaded","section":"Shading Mode"},"sceneLighting":true,"audioPlay":false,"sceneViewState":{"m_AlwaysRefresh":false,"showFog":true,"showSkybox":true,"showFlares":true,"showImageEffects":true,"showParticleSystems":true,"showVisualEffectGraphs":true,"m_FxEnabled":true},"in2DMode":false,"pivot":{"x":0.7273396253585815,"y":1.7466825246810914,"z":-1.047778606414795},"rotation":{"x":-0.16123740375041963,"y":-0.06566908955574036,"z":0.010733392089605332,"w":-0.9847059845924377},"size":1.0779939889907838,"orthographic":false}