{"cameraMode":{"drawMode":0,"name":"Shaded","section":"Shading Mode"},"sceneLighting":false,"audioPlay":false,"sceneViewState":{"m_AlwaysRefresh":false,"showFog":true,"showSkybox":false,"showFlares":true,"showImageEffects":true,"showParticleSystems":true,"showVisualEffectGraphs":true,"m_FxEnabled":true},"in2DMode":false,"pivot":{"x":0.13279381394386292,"y":0.7748923301696777,"z":0.14293420314788819},"rotation":{"x":-0.17567089200019837,"y":0.3328059911727905,"z":-0.06324756890535355,"w":-0.9243374466896057},"size":1.3088966608047486,"orthographic":false}